{"loss": [0.09309244514121424, 0.08298297302649758, 0.07502829647430069, 0.06853098972983983, 0.06302013810333389, 0.059091890387980225, 0.0572782203440776, 0.051680679478303855, 0.049188247993779, 0.048907924491121336, 0.047851941774568287, 0.04354505738257752, 0.04258229316729109, 0.038054836242247723, 0.03894369912993573], "accuracy": [62.496, 71.308, 74.926, 77.882, 79.15, 80.39, 81.834, 83.09, 83.586, 84.6, 85.346, 86.242, 86.836, 87.684, 88.206]}